{"Colgate": {"rating": 235.4545454545455, "losses": 8, "games": 12, "wins": 4}, "Albany": {"rating": 501.36363636363626, "losses": 2, "games": 11, "wins": 9}, "NJIT": {"rating": 90.90909090909092, "losses": 12, "games": 13, "wins": 1}, "Towson": {"rating": 434.5454545454545, "losses": 3, "games": 10, "wins": 7}, "Army": {"rating": 501.36363636363626, "losses": 2, "games": 12, "wins": 10}, "Cornell": {"rating": 277.72727272727275, "losses": 7, "games": 11, "wins": 4}, "Air Force": {"rating": 374.5454545454545, "losses": 5, "games": 13, "wins": 8}, "Marist": {"rating": 386.81818181818176, "losses": 5, "games": 12, "wins": 7}, "Delaware": {"rating": 295.4545454545455, "losses": 6, "games": 13, "wins": 7}, "Vermont": {"rating": 302.27272727272725, "losses": 7, "games": 12, "wins": 5}, "Denver": {"rating": 452.27272727272725, "losses": 2, "games": 11, "wins": 9}, "Fairfield": {"rating": 247.72727272727275, "losses": 8, "games": 11, "wins": 3}, "Richmond": {"rating": 476.81818181818176, "losses": 2, "games": 12, "wins": 10}, "Providence": {"rating": 434.5454545454545, "losses": 3, "games": 12, "wins": 9}, "Hofstra": {"rating": 519.090909090909, "losses": 1, "games": 11, "wins": 10}, "Villanova": {"rating": 362.27272727272725, "losses": 5, "games": 12, "wins": 7}, "St. John's": {"rating": 84.09090909090915, "losses": 11, "games": 12, "wins": 1}, "Stony Brook": {"rating": 374.5454545454545, "losses": 5, "games": 11, "wins": 6}, "Siena": {"rating": 175.4545454545455, "losses": 10, "games": 12, "wins": 2}, "Dartmouth": {"rating": 193.18181818181822, "losses": 9, "games": 11, "wins": 2}, "Maryland": {"rating": 476.81818181818176, "losses": 2, "games": 10, "wins": 8}, "Manhattan": {"rating": 114.09090909090915, "losses": 10, "games": 10, "wins": 0}, "Bucknell": {"rating": 277.72727272727275, "losses": 7, "games": 12, "wins": 5}, "North Carolina": {"rating": 283.18181818181824, "losses": 6, "games": 12, "wins": 6}, "Brown": {"rating": 337.72727272727275, "losses": 5, "games": 10, "wins": 5}, "Georgetown": {"rating": 138.63636363636368, "losses": 10, "games": 12, "wins": 2}, "Monmouth": {"rating": 483.6363636363635, "losses": 3, "games": 13, "wins": 10}, "Holy Cross": {"rating": 235.4545454545455, "losses": 8, "games": 12, "wins": 4}, "Michigan": {"rating": 416.81818181818176, "losses": 4, "games": 12, "wins": 8}, "Quinnipiac": {"rating": 253.18181818181822, "losses": 7, "games": 9, "wins": 2}, "Loyola": {"rating": 362.27272727272725, "losses": 5, "games": 12, "wins": 7}, "Virginia": {"rating": 320.0, "losses": 6, "games": 14, "wins": 8}, "Harvard": {"rating": 307.72727272727275, "losses": 6, "games": 11, "wins": 5}, "UMass": {"rating": 320.0, "losses": 6, "games": 11, "wins": 5}, "Binghamton": {"rating": 476.81818181818176, "losses": 2, "games": 11, "wins": 9}, "Hobart": {"rating": 295.4545454545455, "losses": 6, "games": 12, "wins": 6}, "Hartford": {"rating": 295.4545454545455, "losses": 6, "games": 10, "wins": 4}, "Drexel": {"rating": 307.72727272727275, "losses": 6, "games": 11, "wins": 5}, "Marquette": {"rating": 374.5454545454545, "losses": 5, "games": 11, "wins": 6}, "Jacksonville": {"rating": 205.4545454545455, "losses": 9, "games": 11, "wins": 2}, "Bryant": {"rating": 344.5454545454545, "losses": 6, "games": 13, "wins": 7}, "Bellarmine": {"rating": 235.45454545454547, "losses": 8, "games": 11, "wins": 3}, "UMass Lowell": {"rating": 120.90909090909095, "losses": 11, "games": 14, "wins": 3}, "U. of DC": {"rating": 512.2727272727273, "losses": 0, "games": 1, "wins": 1}, "Roberts Wesleyan": {"rating": 512.2727272727273, "losses": 0, "games": 1, "wins": 1}, "Penn": {"rating": 362.27272727272725, "losses": 5, "games": 10, "wins": 5}, "Princeton": {"rating": 392.27272727272725, "losses": 4, "games": 12, "wins": 8}, "St. Thomas Aquinas": {"rating": 500.0, "losses": 0, "games": 1, "wins": 1}, "John Carroll": {"rating": 470.0, "losses": 1, "games": 1, "wins": 0}, "Saint Joseph's": {"rating": 205.45454545454547, "losses": 9, "games": 12, "wins": 3}, "Ohio State": {"rating": 476.81818181818176, "losses": 2, "games": 13, "wins": 11}, "Rutgers": {"rating": 489.090909090909, "losses": 2, "games": 11, "wins": 9}, "Detroit Mercy": {"rating": 235.45454545454547, "losses": 8, "games": 13, "wins": 5}, "Yale": {"rating": 434.5454545454545, "losses": 3, "games": 10, "wins": 7}, "Sacred Heart": {"rating": 392.27272727272725, "losses": 4, "games": 11, "wins": 7}, "Lehigh": {"rating": 332.27272727272725, "losses": 6, "games": 12, "wins": 6}, "Syracuse": {"rating": 519.090909090909, "losses": 1, "games": 11, "wins": 10}, "Notre Dame": {"rating": 422.27272727272725, "losses": 3, "games": 9, "wins": 6}, "Greensboro": {"rating": 470.0, "losses": 1, "games": 1, "wins": 0}, "Duke": {"rating": 434.5454545454545, "losses": 3, "games": 13, "wins": 10}, "Hampton": {"rating": 240.90909090909096, "losses": 7, "games": 8, "wins": 1}, "Canisius": {"rating": 320.0, "losses": 6, "games": 11, "wins": 5}, "Boston U.": {"rating": 459.090909090909, "losses": 3, "games": 13, "wins": 10}, "VMI": {"rating": 150.90909090909093, "losses": 10, "games": 12, "wins": 2}, "Lafayette": {"rating": 120.9090909090909, "losses": 11, "games": 13, "wins": 2}, "Johns Hopkins": {"rating": 380.0, "losses": 4, "games": 11, "wins": 7}, "Wagner": {"rating": 307.72727272727275, "losses": 6, "games": 12, "wins": 6}, "Ivy Tournament": {"rating": 500, "losses": 0, "games": 0, "wins": 0}, "Cleveland State": {"rating": 247.72727272727275, "losses": 8, "games": 12, "wins": 4}, "Furman": {"rating": 307.72727272727275, "losses": 6, "games": 12, "wins": 6}, "Penn State": {"rating": 476.81818181818176, "losses": 2, "games": 12, "wins": 10}, "Wittenberg": {"rating": 457.72727272727275, "losses": 1, "games": 1, "wins": 0}, "High Point": {"rating": 205.45454545454547, "losses": 9, "games": 12, "wins": 3}, "Mount St. Mary's": {"rating": 253.18181818181824, "losses": 7, "games": 11, "wins": 4}, "Walsh": {"rating": 470.0, "losses": 1, "games": 1, "wins": 0}, "Robert Morris": {"rating": 416.81818181818176, "losses": 4, "games": 12, "wins": 8}, "Navy": {"rating": 290.0, "losses": 7, "games": 13, "wins": 6}, "Baldwin Wallace": {"rating": 470.0, "losses": 1, "games": 1, "wins": 0}, "UMBC": {"rating": 332.27272727272725, "losses": 6, "games": 11, "wins": 5}, "Mercer": {"rating": 277.72727272727275, "losses": 7, "games": 11, "wins": 4}, "Ohio Valley": {"rating": 500.0, "losses": 0, "games": 1, "wins": 1}}